<?xml version="1.0" encoding="UTF-8"?>
<GenRun Id="impl_1" LaunchPart="xcvc1802-viva1596-1LHP-i-L" LaunchTime="1620834234">
  <File Type="BITSTR-BMM" Name="TopLevel_bd.bmm"/>
  <File Type="OPT-METHODOLOGY-DRC" Name="TopLevel_methodology_drc_opted.rpt"/>
  <File Type="INIT-TIMING" Name="TopLevel_timing_summary_init.rpt"/>
  <File Type="ROUTE-PWR" Name="TopLevel_power_routed.rpt"/>
  <File Type="PA-TCL" Name="TopLevel.tcl"/>
  <File Type="OPT-TIMING" Name="TopLevel_timing_summary_opted.rpt"/>
  <File Type="OPT-DCP" Name="TopLevel_opt.dcp"/>
  <File Type="ROUTE-PWR-SUM" Name="TopLevel_power_summary_routed.pb"/>
  <File Type="REPORTS-TCL" Name="TopLevel_reports.tcl"/>
  <File Type="OPT-DRC" Name="TopLevel_drc_opted.rpt"/>
  <File Type="OPT-HWDEF" Name="TopLevel.hwdef"/>
  <File Type="PWROPT-DCP" Name="TopLevel_pwropt.dcp"/>
  <File Type="PWROPT-DRC" Name="TopLevel_drc_pwropted.rpt"/>
  <File Type="PWROPT-TIMING" Name="TopLevel_timing_summary_pwropted.rpt"/>
  <File Type="PLACE-DCP" Name="TopLevel_placed.dcp"/>
  <File Type="PLACE-IO" Name="TopLevel_io_placed.rpt"/>
  <File Type="PLACE-CLK" Name="TopLevel_clock_utilization_placed.rpt"/>
  <File Type="PLACE-UTIL" Name="TopLevel_utilization_placed.rpt"/>
  <File Type="PLACE-UTIL-PB" Name="TopLevel_utilization_placed.pb"/>
  <File Type="PLACE-CTRL" Name="TopLevel_control_sets_placed.rpt"/>
  <File Type="PLACE-SIMILARITY" Name="TopLevel_incremental_reuse_placed.rpt"/>
  <File Type="PLACE-PRE-SIMILARITY" Name="TopLevel_incremental_reuse_pre_placed.rpt"/>
  <File Type="PLACE-TIMING" Name="TopLevel_timing_summary_placed.rpt"/>
  <File Type="POSTPLACE-PWROPT-DCP" Name="TopLevel_postplace_pwropt.dcp"/>
  <File Type="BG-BIN" Name="TopLevel.bin"/>
  <File Type="POSTPLACE-PWROPT-TIMING" Name="TopLevel_timing_summary_postplace_pwropted.rpt"/>
  <File Type="PHYSOPT-DCP" Name="TopLevel_physopt.dcp"/>
  <File Type="PHYSOPT-DRC" Name="TopLevel_drc_physopted.rpt"/>
  <File Type="BITSTR-MSK" Name="TopLevel.msk"/>
  <File Type="PHYSOPT-TIMING" Name="TopLevel_timing_summary_physopted.rpt"/>
  <File Type="ROUTE-ERROR-DCP" Name="TopLevel_routed_error.dcp"/>
  <File Type="ROUTE-DCP" Name="TopLevel_routed.dcp"/>
  <File Type="ROUTE-BLACKBOX-DCP" Name="TopLevel_routed_bb.dcp"/>
  <File Type="ROUTE-DRC" Name="TopLevel_drc_routed.rpt"/>
  <File Type="ROUTE-DRC-PB" Name="TopLevel_drc_routed.pb"/>
  <File Type="ROUTE-DRC-RPX" Name="TopLevel_drc_routed.rpx"/>
  <File Type="BITSTR-MMI" Name="TopLevel.mmi"/>
  <File Type="ROUTE-METHODOLOGY-DRC" Name="TopLevel_methodology_drc_routed.rpt"/>
  <File Type="ROUTE-METHODOLOGY-DRC-RPX" Name="TopLevel_methodology_drc_routed.rpx"/>
  <File Type="ROUTE-METHODOLOGY-DRC-PB" Name="TopLevel_methodology_drc_routed.pb"/>
  <File Type="ROUTE-PWR-RPX" Name="TopLevel_power_routed.rpx"/>
  <File Type="ROUTE-STATUS" Name="TopLevel_route_status.rpt"/>
  <File Type="ROUTE-STATUS-PB" Name="TopLevel_route_status.pb"/>
  <File Type="ROUTE-TIMINGSUMMARY" Name="TopLevel_timing_summary_routed.rpt"/>
  <File Type="ROUTE-TIMING-PB" Name="TopLevel_timing_summary_routed.pb"/>
  <File Type="ROUTE-TIMING-RPX" Name="TopLevel_timing_summary_routed.rpx"/>
  <File Type="ROUTE-SIMILARITY" Name="TopLevel_incremental_reuse_routed.rpt"/>
  <File Type="ROUTE-CLK" Name="TopLevel_clock_utilization_routed.rpt"/>
  <File Type="ROUTE-BUS-SKEW" Name="TopLevel_bus_skew_routed.rpt"/>
  <File Type="ROUTE-BUS-SKEW-PB" Name="TopLevel_bus_skew_routed.pb"/>
  <File Type="ROUTE-BUS-SKEW-RPX" Name="TopLevel_bus_skew_routed.rpx"/>
  <File Type="POSTROUTE-PHYSOPT-DCP" Name="TopLevel_postroute_physopt.dcp"/>
  <File Type="POSTROUTE-PHYSOPT-BLACKBOX-DCP" Name="TopLevel_postroute_physopt_bb.dcp"/>
  <File Type="POSTROUTE-PHYSOPT-TIMING" Name="TopLevel_timing_summary_postroute_physopted.rpt"/>
  <File Type="POSTROUTE-PHYSOPT-TIMING-PB" Name="TopLevel_timing_summary_postroute_physopted.pb"/>
  <File Type="POSTROUTE-PHYSOPT-TIMING-RPX" Name="TopLevel_timing_summary_postroute_physopted.rpx"/>
  <File Type="POSTROUTE-PHYSOPT-BUS-SKEW" Name="TopLevel_bus_skew_postroute_physopted.rpt"/>
  <File Type="POSTROUTE-PHYSOPT-BUS-SKEW-PB" Name="TopLevel_bus_skew_postroute_physopted.pb"/>
  <File Type="BG-BIT" Name="TopLevel.bit"/>
  <File Type="POSTROUTE-PHYSOPT-BUS-SKEW-RPX" Name="TopLevel_bus_skew_postroute_physopted.rpx"/>
  <File Type="BITSTR-RBT" Name="TopLevel.rbt"/>
  <File Type="BITSTR-NKY" Name="TopLevel.nky"/>
  <File Type="PDI-FILE" Name="TopLevel.pdi"/>
  <File Type="RCFI_FILE" Name="TopLevel.rcfi"/>
  <File Type="CFI_FILE" Name="TopLevel.cfi"/>
  <File Type="RNPI_FILE" Name="TopLevel.rnpi"/>
  <File Type="NPI_FILE" Name="TopLevel.npi"/>
  <File Type="RBD_FILE" Name="TopLevel.rbd"/>
  <File Type="BITSTR-LTX" Name="debug_nets.ltx"/>
  <File Type="BITSTR-LTX" Name="TopLevel.ltx"/>
  <File Type="BITSTR-SYSDEF" Name="TopLevel.sysdef"/>
  <File Type="BG-BGN" Name="TopLevel.bgn"/>
  <File Type="BG-DRC" Name="TopLevel.drc"/>
  <File Type="RDI-RDI" Name="TopLevel.vdi"/>
  <File Type="WBT-USG" Name="usage_statistics_webtalk.html"/>
  <FileSet Name="sources" Type="DesignSrcs" RelSrcDir="$PSRCDIR/sources_1" RelGenDir="$PGENDIR/sources_1">
    <Filter Type="Srcs"/>
    <File Path="$PSRCDIR/sources_1/new/Adder.v">
      <FileInfo>
        <Attr Name="UsedIn" Val="synthesis"/>
        <Attr Name="UsedIn" Val="implementation"/>
        <Attr Name="UsedIn" Val="simulation"/>
      </FileInfo>
    </File>
    <File Path="$PSRCDIR/sources_1/new/Comparator.v">
      <FileInfo>
        <Attr Name="UsedIn" Val="synthesis"/>
        <Attr Name="UsedIn" Val="implementation"/>
        <Attr Name="UsedIn" Val="simulation"/>
      </FileInfo>
    </File>
    <File Path="$PSRCDIR/sources_1/new/Multiplier.v">
      <FileInfo>
        <Attr Name="UsedIn" Val="synthesis"/>
        <Attr Name="UsedIn" Val="implementation"/>
        <Attr Name="UsedIn" Val="simulation"/>
      </FileInfo>
    </File>
    <File Path="$PSRCDIR/sources_1/new/Computation_Mod.v">
      <FileInfo>
        <Attr Name="UsedIn" Val="synthesis"/>
        <Attr Name="UsedIn" Val="implementation"/>
        <Attr Name="UsedIn" Val="simulation"/>
      </FileInfo>
    </File>
    <File Path="$PSRCDIR/sources_1/new/Dimensional_Matrix.v">
      <FileInfo>
        <Attr Name="UsedIn" Val="synthesis"/>
        <Attr Name="UsedIn" Val="implementation"/>
        <Attr Name="UsedIn" Val="simulation"/>
      </FileInfo>
    </File>
    <File Path="$PSRCDIR/sources_1/new/Iteration_Mod.v">
      <FileInfo>
        <Attr Name="UsedIn" Val="synthesis"/>
        <Attr Name="UsedIn" Val="implementation"/>
        <Attr Name="UsedIn" Val="simulation"/>
      </FileInfo>
    </File>
    <File Path="$PSRCDIR/sources_1/new/Solution_Mat.v">
      <FileInfo>
        <Attr Name="UsedIn" Val="synthesis"/>
        <Attr Name="UsedIn" Val="implementation"/>
        <Attr Name="UsedIn" Val="simulation"/>
      </FileInfo>
    </File>
    <File Path="$PSRCDIR/sources_1/new/Top_Level.v">
      <FileInfo>
        <Attr Name="UsedIn" Val="synthesis"/>
        <Attr Name="UsedIn" Val="implementation"/>
        <Attr Name="UsedIn" Val="simulation"/>
      </FileInfo>
    </File>
    <Config>
      <Option Name="DesignMode" Val="RTL"/>
      <Option Name="TopModule" Val="TopLevel"/>
    </Config>
  </FileSet>
  <FileSet Name="constrs_in" Type="Constrs" RelSrcDir="$PSRCDIR/constrs_1">
    <Filter Type="Constrs"/>
    <File Path="$PSRCDIR/constrs_1/new/clocks.xdc">
      <FileInfo>
        <Attr Name="UsedIn" Val="synthesis"/>
        <Attr Name="UsedIn" Val="implementation"/>
      </FileInfo>
    </File>
    <Config>
      <Option Name="TargetConstrsFile" Val="$PSRCDIR/constrs_1/new/clocks.xdc"/>
      <Option Name="ConstrsType" Val="XDC"/>
    </Config>
  </FileSet>
  <FileSet Name="utils" Type="Utils" RelSrcDir="$PSRCDIR/utils_1">
    <Filter Type="Utils"/>
    <Config>
      <Option Name="TopAutoSet" Val="TRUE"/>
    </Config>
  </FileSet>
  <Strategy Version="1" Minor="2">
    <StratHandle Name="Vivado Implementation Defaults" Flow="Vivado Implementation 2020"/>
    <Step Id="init_design"/>
    <Step Id="opt_design"/>
    <Step Id="power_opt_design"/>
    <Step Id="place_design"/>
    <Step Id="post_place_power_opt_design"/>
    <Step Id="phys_opt_design"/>
    <Step Id="route_design"/>
    <Step Id="post_route_phys_opt_design"/>
    <Step Id="write_device_image"/>
  </Strategy>
</GenRun>
